{"cameraMode":{"drawMode":0,"name":"Shaded","section":"Shading Mode"},"sceneLighting":false,"audioPlay":false,"sceneViewState":{"m_AlwaysRefresh":false,"showFog":true,"showSkybox":false,"showFlares":true,"showImageEffects":true,"showParticleSystems":true,"showVisualEffectGraphs":true,"m_FxEnabled":true},"in2DMode":false,"pivot":{"x":-0.15599237382411958,"y":0.578516960144043,"z":-1.100492000579834},"rotation":{"x":0.4512867033481598,"y":-0.018742308020591737,"z":0.00948086753487587,"w":0.8921520113945007},"size":5.443949222564697,"orthographic":false}