{"cameraMode":{"drawMode":0,"name":"Shaded","section":"Shading Mode"},"sceneLighting":true,"audioPlay":false,"sceneViewState":{"m_AlwaysRefresh":false,"showFog":true,"showSkybox":true,"showFlares":true,"showImageEffects":true,"showParticleSystems":true,"showVisualEffectGraphs":true,"m_FxEnabled":true},"in2DMode":false,"pivot":{"x":87.58169555664063,"y":3.6586074829101564,"z":-8.107040405273438},"rotation":{"x":-0.5808777809143066,"y":0.006594938691705465,"z":-0.004697992466390133,"w":-0.8139850497245789},"size":27.978458404541017,"orthographic":false}