{"cameraMode":{"drawMode":0,"name":"Shaded","section":"Shading Mode"},"sceneLighting":false,"audioPlay":false,"sceneViewState":{"m_AlwaysRefresh":false,"showFog":true,"showSkybox":false,"showFlares":true,"showImageEffects":true,"showParticleSystems":true,"showVisualEffectGraphs":true,"m_FxEnabled":true},"in2DMode":false,"pivot":{"x":0.00021529197692871094,"y":-0.4999999403953552,"z":0.00048422813415527344},"rotation":{"x":-0.5808777809143066,"y":0.006594938691705465,"z":-0.004697992466390133,"w":-0.8139850497245789},"size":14.33702564239502,"orthographic":false}